,,,,,,,,,,,,
,"Prénom(s) du/des parents ou couple conducteur depuis Crest","Nombre d'enfant(s) ","Prénom du/des enfant(s)","NOMBRE DE PLACES disponibles dans la voiture pour les enfants ","TRAJET(S) IMPOSSIBLES À ASSURER (spécifier les jours de la semaine et matin ou soir)","PRÉFÉRENCES TRAJETS (spécifier les jours de la semaine et matin ou soir)","Garde alternée ? Si oui, préciser l'organisation","SECURITE : siège auto, rehausseur ? Peut-il passer à l'avant etc..?","Préférence LIEU DE RDV covoiturage ","Oui ou Non pour être sur le groupe Whatsapp de covoiturage ?","Remarques, précisions diverses",
,,,,,,,,,,,,
,Céline,1,"Anna (CE2)",4,"Lundi matin semaine impaire (pas impossible, mais ne m'arrange pas)",,"Oui (semaine paire : Mardi soir, Jeudi et Vendredi / semaine impaire : Lundi et Mardi matin)",Réhausseur,"Bar du pont OK",Oui,,
,Lydia/Abdou,1,Issa,4,"Vendredi matin",mardi/jeudi,,"pas de réhausseur, peut passer à l'avant","Bar du pont, pont en bois",non,"J'ai remplie le tableau mais je n'ai encore aucune visiblité pour la rentrée prochaine. Hedi au collège, le jour de mes ateliers... Affaire à suivre (lydia)",
,Nathalie/Guillaume,1,"Eneour (CP)","4 (en mettant 1 enfant devant)","semaine paire : le lundi matin. Semaine impaire : tous les jours sauf le lundi matin (cf. garde alternée)","plutôt le lundi (à confirmer d'ici la fin de semaine)","oui. Eneour est avec nous  les semaines paires le lundi soir et tous les autres jours + le lundi matin des semaines impaires (pour l'autre semaine, voir avec son papa)",réhausseur,"pas de préférence",oui,"je complèterai d'ici fin de semaine concernant les jours de préférence pour le covoit. ",
,Anne,1,"Luce (CM2)",4,"semaine paire impossible (mais Swan ok)/ mardi, jeudi, vendredi impossible semaine impaire = planning pas souple mais on s'arrange av Swan qui a plus de souplesse","lundi matin et/ou soir en semaine impaire","Oui : Luce est avec moi semaine impaire du lundi soir au lundi matin. et avec Swan idem en semaine paire. on est tout les 2 à Crest et on peux s'arranger pour les trajets","Luce peut monter à l'avant sans réhausseur (11 ans cet été)",aucun,oui,,
,Sonia,1,"Mélanie CE2",4,,,,"réhausseur (possible sans aussi)",divajeu,"j'ai pas","Emploi du temps collège en Septembre pour ma grande",
,Clémence,1,"Marceau CM2",4,"mardi matin et soir","lundi de préférence","Oui : Marceau est avec moi les semaines impaires. Changement de maison le lundi via l'école.","Marceau ayant 10 ans, il peut monter à l'avant. Plus besoin de siège.","à voir ensemble",oui,"Merci pour l'accueil dans ce covoit !",
,"Virginie et Romain",2,"Mael et Mathéo",6,,Vendredi,,Réhausseur,"Bar du Pont OK",Oui,,
,"Jean-Philippe ",1,"Mélanie ",4,"lundi, mardi et jeudi (horaire travail)","vendredi (télétravail)","oui (semaine impaire)","rehausseur si devant","bar du pont",oui,,
,Lucie,1,Marin,4,"les matins (embauche trop tot)","mardi et vendrdi",,"Rehausseur, pas encore devant meme si Marin est grand ;)","Bar du Pont parfois difficile pour stationner et pour que les enfants circuent en securite entre les voitures - a reflechir.",oui,"J'aurai mon emploi du temps a la rentree et mes lieux de travail (que je connaitrai debut juillet) peuvent changer durant l'annee... Je ferai au mieux, promis !",
,Kenann,1,Eneour,"2 ou 4 selon le véhicule","Semaine paire et tous les matins","Tous les soirs des semaines impaires","Oui, Eneour est avec moi les semaines impaires du lundi soir au lundi matin des semaines paires",Réhausseur,"Pas de préférence","J'ai pas","Merci pour l'accueil et l'organisation",
,Swan,1,Luce,4,"Mardi et jeudi en semaine paire","De préférence pas le vendredi matin en semaine impaire","paire -> mère     impaire -> père",,,,,
,,,,,,,,,,,,
,,,,,,,,,,,,
,,,,,,,,,,,,
,,,,,,,,,,,,
,,,,,,,,,,,,
,,,,,,,,,,,,
,,,,,,,,,,,,
,,,,,,,,,,,,
,,,,,,,,,,,,
,,,,,,,,,,,,
,,,,,,,,,,,,
,,,,,,,,,,,,
,,,,,,,,,,,,
,,,,,,,,,,,,
,,,,,,,,,,,,
,,,,,,,,,,,,
,,,,,,,,,,,,
,,,,,,,,,,,,
,,,,,,,,,,,,
,,,,,,,,,,,,
,,,,,,,,,,,,
,,,,,,,,,,,,
,,,,,,,,,,,,
,,,,,,,,,,,,
,,,,,,,,,,,,
,,,,,,,,,,,,
,,,,,,,,,,,,
,,,,,,,,,,,,
,,,,,,,,,,,,
,,,,,,,,,,,,
,,,,,,,,,,,,
,,,,,,,,,,,,
,,,,,,,,,,,,
,,,,,,,,,,,,
,,,,,,,,,,,,
,,,,,,,,,,,,
,,,,,,,,,,,,
,,,,,,,,,,,,
,,,,,,,,,,,,
,,,,,,,,,,,,
,,,,,,,,,,,,
,,,,,,,,,,,,
,,,,,,,,,,,,
,,,,,,,,,,,,
,,,,,,,,,,,,
,,,,,,,,,,,,
,,,,,,,,,,,,
,,,,,,,,,,,,
,,,,,,,,,,,,
,,,,,,,,,,,,
,,,,,,,,,,,,
,,,,,,,,,,,,
,,,,,,,,,,,,
