INSERT INTO absencedays (weekday, weektype, id) VALUES (2, 1, 2);
INSERT INTO absencedays (weekday, weektype, id) VALUES (3, 1, 4);
INSERT INTO absencedays (weekday, weektype, id) VALUES (0, 0, 5);

ALTER SEQUENCE absencedays_id_seq RESTART WITH 6;

INSERT INTO child (id, name) VALUES (2, 'Luce');
INSERT INTO child (id, name) VALUES (3, 'Come');
INSERT INTO child (id, name) VALUES (4, 'Rose');
INSERT INTO child (id, name) VALUES (5, 'Issa');
INSERT INTO child (id, name) VALUES (6, 'Hedi');
INSERT INTO child (id, name) VALUES (7, 'Mélanie');
INSERT INTO child (id, name) VALUES (9, 'Orion');
INSERT INTO child (id, name) VALUES (10, 'Marin');
INSERT INTO child (id, name) VALUES (1, 'Mael');
INSERT INTO child (id, name) VALUES (8, 'Anna');

INSERT INTO child_absencedays (child_id, absencedays_id) VALUES (8, 2);
INSERT INTO child_absencedays (child_id, absencedays_id) VALUES (8, 4);
INSERT INTO child_absencedays (child_id, absencedays_id) VALUES (8, 5);

INSERT INTO family (carcapacity, id, name) VALUES (4, 2, 'Anne et Swan');
INSERT INTO family (carcapacity, id, name) VALUES (4, 3, 'Axel et Soizic');
INSERT INTO family (carcapacity, id, name) VALUES (4, 4, 'Abdou et Lydia');
INSERT INTO family (carcapacity, id, name) VALUES (4, 5, 'Sonia et Jean philippe');
INSERT INTO family (carcapacity, id, name) VALUES (4, 7, 'Josephine et Mickaël');
INSERT INTO family (carcapacity, id, name) VALUES (4, 8, 'Lucie et Raphaël');
INSERT INTO family (carcapacity, id, name) VALUES (6, 1, 'Romain et Virginie');
INSERT INTO family (carcapacity, id, name) VALUES (4, 6, 'Céline');

ALTER SEQUENCE family_id_seq RESTART WITH 10;

INSERT INTO family_child (family_id, children_id) VALUES (2, 2);
INSERT INTO family_child (family_id, children_id) VALUES (3, 3);
INSERT INTO family_child (family_id, children_id) VALUES (3, 4);
INSERT INTO family_child (family_id, children_id) VALUES (4, 6);
INSERT INTO family_child (family_id, children_id) VALUES (4, 5);
INSERT INTO family_child (family_id, children_id) VALUES (5, 7);
INSERT INTO family_child (family_id, children_id) VALUES (7, 9);
INSERT INTO family_child (family_id, children_id) VALUES (8, 10);
INSERT INTO family_child (family_id, children_id) VALUES (1, 1);
INSERT INTO family_child (family_id, children_id) VALUES (6, 8);

INSERT INTO trip (timeslot, weekday, driver_id, id, place) VALUES (1, 0, 7, 238, NULL);
INSERT INTO trip (timeslot, weekday, driver_id, id, place) VALUES (1, 1, 5, 239, NULL);
INSERT INTO trip (timeslot, weekday, driver_id, id, place) VALUES (1, 3, 6, 240, NULL);
INSERT INTO trip (timeslot, weekday, driver_id, id, place) VALUES (1, 3, 8, 241, NULL);
INSERT INTO trip (timeslot, weekday, driver_id, id, place) VALUES (0, 1, 4, 242, NULL);
INSERT INTO trip (timeslot, weekday, driver_id, id, place) VALUES (1, 3, 3, 243, NULL);
INSERT INTO trip (timeslot, weekday, driver_id, id, place) VALUES (0, 2, 6, 244, NULL);
INSERT INTO trip (timeslot, weekday, driver_id, id, place) VALUES (1, 1, 3, 245, NULL);
INSERT INTO trip (timeslot, weekday, driver_id, id, place) VALUES (0, 0, 2, 246, NULL);
INSERT INTO trip (timeslot, weekday, driver_id, id, place) VALUES (1, 0, 4, 247, NULL);
INSERT INTO trip (timeslot, weekday, driver_id, id, place) VALUES (0, 1, 5, 248, NULL);
INSERT INTO trip (timeslot, weekday, driver_id, id, place) VALUES (1, 1, 4, 249, NULL);
INSERT INTO trip (timeslot, weekday, driver_id, id, place) VALUES (0, 2, 1, 250, NULL);
INSERT INTO trip (timeslot, weekday, driver_id, id, place) VALUES (1, 2, 1, 251, NULL);
INSERT INTO trip (timeslot, weekday, driver_id, id, place) VALUES (0, 3, 5, 252, NULL);
INSERT INTO trip (timeslot, weekday, driver_id, id, place) VALUES (1, 2, 3, 254, NULL);
INSERT INTO trip (timeslot, weekday, driver_id, id, place) VALUES (0, 1, 3, 256, NULL);
INSERT INTO trip (timeslot, weekday, driver_id, id, place) VALUES (0, 3, 2, 257, NULL);
INSERT INTO trip (timeslot, weekday, driver_id, id, place) VALUES (0, 0, 4, 258, NULL);
INSERT INTO trip (timeslot, weekday, driver_id, id, place) VALUES (1, 2, 1, 259, NULL);
INSERT INTO trip (timeslot, weekday, driver_id, id, place) VALUES (1, 0, 4, 260, NULL);
INSERT INTO trip (timeslot, weekday, driver_id, id, place) VALUES (0, 2, 2, 261, NULL);
INSERT INTO trip (timeslot, weekday, driver_id, id, place) VALUES (0, 3, 2, 262, NULL);
INSERT INTO trip (timeslot, weekday, driver_id, id, place) VALUES (0, 0, 7, 263, NULL);
INSERT INTO trip (timeslot, weekday, driver_id, id, place) VALUES (0, 1, 5, 264, NULL);
INSERT INTO trip (timeslot, weekday, driver_id, id, place) VALUES (1, 3, 3, 265, NULL);
INSERT INTO trip (timeslot, weekday, driver_id, id, place) VALUES (1, 3, 2, 266, NULL);
INSERT INTO trip (timeslot, weekday, driver_id, id, place) VALUES (0, 0, 4, 267, NULL);
INSERT INTO trip (timeslot, weekday, driver_id, id, place) VALUES (1, 1, 3, 268, NULL);
INSERT INTO trip (timeslot, weekday, driver_id, id, place) VALUES (0, 1, 3, 269, NULL);
INSERT INTO trip (timeslot, weekday, driver_id, id, place) VALUES (0, 1, 4, 270, NULL);
INSERT INTO trip (timeslot, weekday, driver_id, id, place) VALUES (0, 0, 6, 271, NULL);
INSERT INTO trip (timeslot, weekday, driver_id, id, place) VALUES (0, 2, 1, 272, NULL);
INSERT INTO trip (timeslot, weekday, driver_id, id, place) VALUES (1, 1, 4, 273, NULL);
INSERT INTO trip (timeslot, weekday, driver_id, id, place) VALUES (1, 1, 5, 275, NULL);
INSERT INTO trip (timeslot, weekday, driver_id, id, place) VALUES (1, 3, 8, 276, NULL);
INSERT INTO trip (timeslot, weekday, driver_id, id, place) VALUES (1, 0, 7, 278, NULL);
INSERT INTO trip (timeslot, weekday, driver_id, id, place) VALUES (0, 3, 1, 279, NULL);
INSERT INTO trip (timeslot, weekday, driver_id, id, place) VALUES (0, 0, 7, 309, NULL);
INSERT INTO trip (timeslot, weekday, driver_id, id, place) VALUES (1, 0, 8, 344, NULL);
INSERT INTO trip (timeslot, weekday, driver_id, id, place) VALUES (1, 2, 3, 346, NULL);
INSERT INTO trip (timeslot, weekday, driver_id, id, place) VALUES (1, 0, 6, 347, NULL);

ALTER SEQUENCE trip_id_seq RESTART WITH 350;

INSERT INTO schedule (id) VALUES (3);
INSERT INTO schedule (id) VALUES (4);

ALTER SEQUENCE schedule_id_seq RESTART WITH 350;

INSERT INTO fullschedule (evenschedule_id, id, oddschedule_id, name) VALUES (3, 2, 4, 'Planning septembre 2026');

ALTER SEQUENCE fullschedule_id_seq RESTART WITH 4;


INSERT INTO schedule_trip (schedule_id, trips_id) VALUES (3, 247);
INSERT INTO schedule_trip (schedule_id, trips_id) VALUES (3, 245);
INSERT INTO schedule_trip (schedule_id, trips_id) VALUES (3, 254);
INSERT INTO schedule_trip (schedule_id, trips_id) VALUES (3, 256);
INSERT INTO schedule_trip (schedule_id, trips_id) VALUES (3, 238);
INSERT INTO schedule_trip (schedule_id, trips_id) VALUES (3, 239);
INSERT INTO schedule_trip (schedule_id, trips_id) VALUES (3, 243);
INSERT INTO schedule_trip (schedule_id, trips_id) VALUES (3, 248);
INSERT INTO schedule_trip (schedule_id, trips_id) VALUES (3, 240);
INSERT INTO schedule_trip (schedule_id, trips_id) VALUES (3, 242);
INSERT INTO schedule_trip (schedule_id, trips_id) VALUES (3, 249);
INSERT INTO schedule_trip (schedule_id, trips_id) VALUES (3, 241);
INSERT INTO schedule_trip (schedule_id, trips_id) VALUES (3, 257);
INSERT INTO schedule_trip (schedule_id, trips_id) VALUES (3, 252);
INSERT INTO schedule_trip (schedule_id, trips_id) VALUES (3, 246);
INSERT INTO schedule_trip (schedule_id, trips_id) VALUES (3, 251);
INSERT INTO schedule_trip (schedule_id, trips_id) VALUES (3, 258);
INSERT INTO schedule_trip (schedule_id, trips_id) VALUES (3, 250);
INSERT INTO schedule_trip (schedule_id, trips_id) VALUES (3, 244);
INSERT INTO schedule_trip (schedule_id, trips_id) VALUES (4, 262);
INSERT INTO schedule_trip (schedule_id, trips_id) VALUES (4, 265);
INSERT INTO schedule_trip (schedule_id, trips_id) VALUES (4, 276);
INSERT INTO schedule_trip (schedule_id, trips_id) VALUES (4, 268);
INSERT INTO schedule_trip (schedule_id, trips_id) VALUES (4, 269);
INSERT INTO schedule_trip (schedule_id, trips_id) VALUES (4, 263);
INSERT INTO schedule_trip (schedule_id, trips_id) VALUES (4, 267);
INSERT INTO schedule_trip (schedule_id, trips_id) VALUES (4, 259);
INSERT INTO schedule_trip (schedule_id, trips_id) VALUES (4, 271);
INSERT INTO schedule_trip (schedule_id, trips_id) VALUES (4, 261);
INSERT INTO schedule_trip (schedule_id, trips_id) VALUES (4, 275);
INSERT INTO schedule_trip (schedule_id, trips_id) VALUES (4, 279);
INSERT INTO schedule_trip (schedule_id, trips_id) VALUES (4, 266);
INSERT INTO schedule_trip (schedule_id, trips_id) VALUES (4, 270);
INSERT INTO schedule_trip (schedule_id, trips_id) VALUES (4, 260);
INSERT INTO schedule_trip (schedule_id, trips_id) VALUES (4, 264);
INSERT INTO schedule_trip (schedule_id, trips_id) VALUES (4, 272);
INSERT INTO schedule_trip (schedule_id, trips_id) VALUES (4, 273);
INSERT INTO schedule_trip (schedule_id, trips_id) VALUES (4, 278);
INSERT INTO schedule_trip (schedule_id, trips_id) VALUES (3, 309);
INSERT INTO schedule_trip (schedule_id, trips_id) VALUES (3, 344);
INSERT INTO schedule_trip (schedule_id, trips_id) VALUES (4, 347);
INSERT INTO schedule_trip (schedule_id, trips_id) VALUES (4, 346);

INSERT INTO trip_child (trip_id, children_id) VALUES (246, 2);
INSERT INTO trip_child (trip_id, children_id) VALUES (244, 8);
INSERT INTO trip_child (trip_id, children_id) VALUES (252, 7);
INSERT INTO trip_child (trip_id, children_id) VALUES (240, 8);
INSERT INTO trip_child (trip_id, children_id) VALUES (238, 9);
INSERT INTO trip_child (trip_id, children_id) VALUES (239, 7);
INSERT INTO trip_child (trip_id, children_id) VALUES (241, 10);
INSERT INTO trip_child (trip_id, children_id) VALUES (243, 3);
INSERT INTO trip_child (trip_id, children_id) VALUES (243, 4);
INSERT INTO trip_child (trip_id, children_id) VALUES (245, 3);
INSERT INTO trip_child (trip_id, children_id) VALUES (245, 4);
INSERT INTO trip_child (trip_id, children_id) VALUES (247, 5);
INSERT INTO trip_child (trip_id, children_id) VALUES (247, 6);
INSERT INTO trip_child (trip_id, children_id) VALUES (248, 7);
INSERT INTO trip_child (trip_id, children_id) VALUES (249, 5);
INSERT INTO trip_child (trip_id, children_id) VALUES (249, 6);
INSERT INTO trip_child (trip_id, children_id) VALUES (250, 1);
INSERT INTO trip_child (trip_id, children_id) VALUES (251, 1);
INSERT INTO trip_child (trip_id, children_id) VALUES (254, 3);
INSERT INTO trip_child (trip_id, children_id) VALUES (254, 4);
INSERT INTO trip_child (trip_id, children_id) VALUES (256, 3);
INSERT INTO trip_child (trip_id, children_id) VALUES (256, 4);
INSERT INTO trip_child (trip_id, children_id) VALUES (257, 2);
INSERT INTO trip_child (trip_id, children_id) VALUES (258, 5);
INSERT INTO trip_child (trip_id, children_id) VALUES (258, 6);
INSERT INTO trip_child (trip_id, children_id) VALUES (259, 1);
INSERT INTO trip_child (trip_id, children_id) VALUES (260, 5);
INSERT INTO trip_child (trip_id, children_id) VALUES (260, 6);
INSERT INTO trip_child (trip_id, children_id) VALUES (261, 2);
INSERT INTO trip_child (trip_id, children_id) VALUES (262, 2);
INSERT INTO trip_child (trip_id, children_id) VALUES (263, 9);
INSERT INTO trip_child (trip_id, children_id) VALUES (264, 7);
INSERT INTO trip_child (trip_id, children_id) VALUES (265, 3);
INSERT INTO trip_child (trip_id, children_id) VALUES (265, 4);
INSERT INTO trip_child (trip_id, children_id) VALUES (266, 2);
INSERT INTO trip_child (trip_id, children_id) VALUES (267, 5);
INSERT INTO trip_child (trip_id, children_id) VALUES (267, 6);
INSERT INTO trip_child (trip_id, children_id) VALUES (268, 3);
INSERT INTO trip_child (trip_id, children_id) VALUES (268, 4);
INSERT INTO trip_child (trip_id, children_id) VALUES (269, 3);
INSERT INTO trip_child (trip_id, children_id) VALUES (269, 4);
INSERT INTO trip_child (trip_id, children_id) VALUES (270, 5);
INSERT INTO trip_child (trip_id, children_id) VALUES (270, 6);
INSERT INTO trip_child (trip_id, children_id) VALUES (272, 1);
INSERT INTO trip_child (trip_id, children_id) VALUES (273, 5);
INSERT INTO trip_child (trip_id, children_id) VALUES (273, 6);
INSERT INTO trip_child (trip_id, children_id) VALUES (275, 7);
INSERT INTO trip_child (trip_id, children_id) VALUES (276, 10);
INSERT INTO trip_child (trip_id, children_id) VALUES (279, 1);
INSERT INTO trip_child (trip_id, children_id) VALUES (246, 3);
INSERT INTO trip_child (trip_id, children_id) VALUES (246, 1);
INSERT INTO trip_child (trip_id, children_id) VALUES (246, 4);
INSERT INTO trip_child (trip_id, children_id) VALUES (258, 10);
INSERT INTO trip_child (trip_id, children_id) VALUES (258, 7);
INSERT INTO trip_child (trip_id, children_id) VALUES (247, 7);
INSERT INTO trip_child (trip_id, children_id) VALUES (247, 10);
INSERT INTO trip_child (trip_id, children_id) VALUES (248, 10);
INSERT INTO trip_child (trip_id, children_id) VALUES (256, 2);
INSERT INTO trip_child (trip_id, children_id) VALUES (256, 1);
INSERT INTO trip_child (trip_id, children_id) VALUES (242, 5);
INSERT INTO trip_child (trip_id, children_id) VALUES (242, 6);
INSERT INTO trip_child (trip_id, children_id) VALUES (248, 8);
INSERT INTO trip_child (trip_id, children_id) VALUES (248, 9);
INSERT INTO trip_child (trip_id, children_id) VALUES (250, 4);
INSERT INTO trip_child (trip_id, children_id) VALUES (250, 3);
INSERT INTO trip_child (trip_id, children_id) VALUES (250, 2);
INSERT INTO trip_child (trip_id, children_id) VALUES (250, 9);
INSERT INTO trip_child (trip_id, children_id) VALUES (250, 7);
INSERT INTO trip_child (trip_id, children_id) VALUES (244, 10);
INSERT INTO trip_child (trip_id, children_id) VALUES (244, 5);
INSERT INTO trip_child (trip_id, children_id) VALUES (244, 6);
INSERT INTO trip_child (trip_id, children_id) VALUES (309, 9);
INSERT INTO trip_child (trip_id, children_id) VALUES (252, 10);
INSERT INTO trip_child (trip_id, children_id) VALUES (252, 5);
INSERT INTO trip_child (trip_id, children_id) VALUES (252, 6);
INSERT INTO trip_child (trip_id, children_id) VALUES (257, 1);
INSERT INTO trip_child (trip_id, children_id) VALUES (257, 4);
INSERT INTO trip_child (trip_id, children_id) VALUES (257, 3);
INSERT INTO trip_child (trip_id, children_id) VALUES (238, 3);
INSERT INTO trip_child (trip_id, children_id) VALUES (238, 4);
INSERT INTO trip_child (trip_id, children_id) VALUES (239, 9);
INSERT INTO trip_child (trip_id, children_id) VALUES (239, 10);
INSERT INTO trip_child (trip_id, children_id) VALUES (245, 2);
INSERT INTO trip_child (trip_id, children_id) VALUES (245, 1);
INSERT INTO trip_child (trip_id, children_id) VALUES (254, 2);
INSERT INTO trip_child (trip_id, children_id) VALUES (254, 7);
INSERT INTO trip_child (trip_id, children_id) VALUES (251, 8);
INSERT INTO trip_child (trip_id, children_id) VALUES (251, 9);
INSERT INTO trip_child (trip_id, children_id) VALUES (251, 6);
INSERT INTO trip_child (trip_id, children_id) VALUES (251, 5);
INSERT INTO trip_child (trip_id, children_id) VALUES (251, 10);
INSERT INTO trip_child (trip_id, children_id) VALUES (241, 1);
INSERT INTO trip_child (trip_id, children_id) VALUES (241, 9);
INSERT INTO trip_child (trip_id, children_id) VALUES (241, 7);
INSERT INTO trip_child (trip_id, children_id) VALUES (243, 2);
INSERT INTO trip_child (trip_id, children_id) VALUES (240, 6);
INSERT INTO trip_child (trip_id, children_id) VALUES (240, 5);
INSERT INTO trip_child (trip_id, children_id) VALUES (267, 7);
INSERT INTO trip_child (trip_id, children_id) VALUES (267, 10);
INSERT INTO trip_child (trip_id, children_id) VALUES (271, 4);
INSERT INTO trip_child (trip_id, children_id) VALUES (271, 2);
INSERT INTO trip_child (trip_id, children_id) VALUES (271, 3);
INSERT INTO trip_child (trip_id, children_id) VALUES (271, 1);
INSERT INTO trip_child (trip_id, children_id) VALUES (263, 8);
INSERT INTO trip_child (trip_id, children_id) VALUES (260, 7);
INSERT INTO trip_child (trip_id, children_id) VALUES (260, 10);
INSERT INTO trip_child (trip_id, children_id) VALUES (278, 3);
INSERT INTO trip_child (trip_id, children_id) VALUES (278, 4);
INSERT INTO trip_child (trip_id, children_id) VALUES (278, 9);
INSERT INTO trip_child (trip_id, children_id) VALUES (268, 2);
INSERT INTO trip_child (trip_id, children_id) VALUES (268, 1);
INSERT INTO trip_child (trip_id, children_id) VALUES (275, 10);
INSERT INTO trip_child (trip_id, children_id) VALUES (275, 9);
INSERT INTO trip_child (trip_id, children_id) VALUES (264, 9);
INSERT INTO trip_child (trip_id, children_id) VALUES (264, 10);
INSERT INTO trip_child (trip_id, children_id) VALUES (264, 8);
INSERT INTO trip_child (trip_id, children_id) VALUES (269, 2);
INSERT INTO trip_child (trip_id, children_id) VALUES (269, 1);
INSERT INTO trip_child (trip_id, children_id) VALUES (261, 3);
INSERT INTO trip_child (trip_id, children_id) VALUES (261, 4);
INSERT INTO trip_child (trip_id, children_id) VALUES (261, 7);
INSERT INTO trip_child (trip_id, children_id) VALUES (272, 5);
INSERT INTO trip_child (trip_id, children_id) VALUES (272, 6);
INSERT INTO trip_child (trip_id, children_id) VALUES (272, 10);
INSERT INTO trip_child (trip_id, children_id) VALUES (272, 9);
INSERT INTO trip_child (trip_id, children_id) VALUES (262, 3);
INSERT INTO trip_child (trip_id, children_id) VALUES (262, 4);
INSERT INTO trip_child (trip_id, children_id) VALUES (279, 10);
INSERT INTO trip_child (trip_id, children_id) VALUES (279, 6);
INSERT INTO trip_child (trip_id, children_id) VALUES (279, 9);
INSERT INTO trip_child (trip_id, children_id) VALUES (279, 5);
INSERT INTO trip_child (trip_id, children_id) VALUES (262, 7);
INSERT INTO trip_child (trip_id, children_id) VALUES (259, 9);
INSERT INTO trip_child (trip_id, children_id) VALUES (259, 6);
INSERT INTO trip_child (trip_id, children_id) VALUES (259, 2);
INSERT INTO trip_child (trip_id, children_id) VALUES (259, 5);
INSERT INTO trip_child (trip_id, children_id) VALUES (259, 7);
INSERT INTO trip_child (trip_id, children_id) VALUES (276, 1);
INSERT INTO trip_child (trip_id, children_id) VALUES (276, 9);
INSERT INTO trip_child (trip_id, children_id) VALUES (266, 6);
INSERT INTO trip_child (trip_id, children_id) VALUES (266, 5);
INSERT INTO trip_child (trip_id, children_id) VALUES (266, 7);
INSERT INTO trip_child (trip_id, children_id) VALUES (238, 2);
INSERT INTO trip_child (trip_id, children_id) VALUES (239, 8);
INSERT INTO trip_child (trip_id, children_id) VALUES (344, 10);
INSERT INTO trip_child (trip_id, children_id) VALUES (344, 1);
INSERT INTO trip_child (trip_id, children_id) VALUES (346, 10);
INSERT INTO trip_child (trip_id, children_id) VALUES (346, 4);
INSERT INTO trip_child (trip_id, children_id) VALUES (346, 3);
INSERT INTO trip_child (trip_id, children_id) VALUES (347, 2);
INSERT INTO trip_child (trip_id, children_id) VALUES (347, 8);
INSERT INTO trip_child (trip_id, children_id) VALUES (347, 1);
